sequence,differential_score
CASRGTAQETQYF,0.32052238805970146
CASSWGDTEAFF,0.31592039800995025
CASSRDRTYEQYF,0.31181592039801
CASSLGGVYGYTF,0.2813432835820896
CASSSPNTGELFF,0.2764925373134328
CASSSGTGNTEAFF,0.26741293532338306
CASSSPGQGNTEAFF,0.26119402985074625
CASSLRGAEAFF,0.26094527363184084
CASSLQENTEAFF,0.2580845771144279
CASSLDMNTEAFF,0.2574626865671642
CASSSQGYGYTF,0.25211442786069654
CASSLLRNTEAFF,0.2512437810945274
CASSLDRGGEKLFF,0.2512437810945274
CASSPRGGAYNEQFF,0.2503731343283582
CASSLAGADTGELFF,0.25024875621890547
CASSLAGPYNEQFF,0.24651741293532342
CASRLTGNTEAFF,0.24614427860696514
CASSPHSYEQYF,0.24564676616915423
CASSFGNYGYTF,0.2411691542288557
CASSLLAGGYNEQFF,0.23768656716417913
CASSSTGGNQPQHF,0.23768656716417913
CASSLGLAGNEQFF,0.23694029850746268
CASSPRLNTEAFF,0.23669154228855716
CASSPRTGNYGYTF,0.23669154228855716
CASRGQGQETQYF,0.23594527363184079
CASSVGTANTGELFF,0.23569651741293532
CASSGGGSSYEQYF,0.23557213930348256
CASSLGTGANEKLFF,0.23532338308457712
CASSLRGGYEQYF,0.23171641791044773
CASSLTGYGYTF,0.22798507462686568
CASSPPGGTDTQYF,0.22599502487562187
CASSQQGGNQPQHF,0.22587064676616916
CASSEQGGNTEAFF,0.22562189054726367
CASSLGPSTDTQYF,0.2223880597014925
CASSPGLATDTQYF,0.22226368159203985
CASSLANQPQHF,0.22164179104477616
CASSLVDEQYF,0.22164179104477616
CASSPGTSGNTIYF,0.22164179104477616
CASSPGRNTGELFF,0.22126865671641788
CASSPTGANYGYTF,0.22126865671641788
CASSPGGSTEAFF,0.22114427860696517
CASSLAGSNTGELFF,0.22114427860696517
CASSLGGRSYNEQFF,0.22077114427860697
CASSLETYEQYF,0.22077114427860697
CASSLQDSYEQYF,0.21592039800995028
CASSRGTNTEAFF,0.21592039800995028
CASSWGSTDTQYF,0.21579601990049752
CASSEGTGNQPQHF,0.21579601990049752
CASSLVVTDTQYF,0.21567164179104475
CASSPEDTQYF,0.21567164179104475
CSARAGGNQPQHF,0.21554726368159205
CASSLQGGRTEAFF,0.2154228855721393
CASSLATGDGYTF,0.21529850746268658
CASSLQGYTEAFF,0.21231343283582094
CASSLTGGNSPLHF,0.21169154228855724
CASSLGLYGYTF,0.21156716417910448
CASSPGRGNQPQHF,0.21144278606965172
CASSLGLTEAFF,0.21144278606965172
CASSPGQGYNSPLHF,0.21094527363184082
CASSFGRGETQYF,0.21082089552238806
CASSPTGENTEAFF,0.21082089552238806
CASSLARGNYGYTF,0.2106965174129353
CASSLAGTGGYGYTF,0.2105721393034826
CASSPDRYSNQPQHF,0.21044776119402986
CASRPGQLNTEAFF,0.21044776119402986
CSAKGNTEAFF,0.21032338308457715
CASSPRTSGYNEQFF,0.2064676616915423
CASSTGQGSYEQYF,0.20609452736318407
CASSRGDGYTF,0.20597014925373136
CASSLGGHTEAFF,0.20597014925373136
CASSLEQNYGYTF,0.20572139303482584
CASSLDGGPYEQYF,0.20559701492537313
CASSPQDYEQYF,0.20547263681592037
CASSLSGPNSPLHF,0.20522388059701493
CASSLGQGSSGANVLTF,0.20522388059701493
CASSLGLQETQYF,0.20323383084577107
CASSRGYEQYF,0.20323383084577107
CASSTQETQYF,0.20248756218905467
CASSLGASSYNEQFF,0.20149253731343286
CASSVNYGYTF,0.2013681592039801
CASSPGRDTEAFF,0.20124378109452737
CASSPRQGSYNEQFF,0.2011194029850746
CASSLNRDQPQHF,0.2011194029850746
CASSLDKNTEAFF,0.2011194029850746
CASSFRDTEAFF,0.2011194029850746
CASSPAGDTQYF,0.2009950248756219
CASSPPGQPYEQYF,0.2009950248756219
CASSLRVGTEAFF,0.20087064676616914
CASSLPGSYNEQFF,0.2007462686567164
CASSIGQGGNQPQHF,0.2007462686567164
CASSLQGRGYTF,0.2007462686567164
CASSLDRFYGYTF,0.2006218905472637
CASSLGGRGYGYTF,0.2006218905472637
CASRRYNEQFF,0.2006218905472637
CASSLGTSGEETQYF,0.20049751243781094
CASSLGTENYGYTF,0.20037313432835824
CASSKGSGANVLTF,0.20024875621890548
CASSLEGLSSYEQYF,0.20012437810945274
CASSPRVNTEAFF,0.19713930348258707
CASSLGGGPYEQYF,0.1970149253731343
CASSLSGQETQYF,0.1970149253731343
CASSRNYEQYF,0.19664179104477614
CASSLGWNTEAFF,0.19664179104477614
CASSPGTGYNEQFF,0.19639303482587062
CASSRGQMNTEAFF,0.19614427860696515
CASSLRGELFF,0.19614427860696515
CASSWGSGNTIYF,0.1958955223880597
CASSLAGTGNEKLFF,0.1958955223880597
CSARTGGTDTQYF,0.19564676616915425
CASSANSNQPQHF,0.19552238805970149
CASSLDREYEQYF,0.19552238805970149
CASSLTSGEETQYF,0.19552238805970149
CASSILNQPQHF,0.19539800995024878
CASSWGSEAFF,0.19527363184079602
CASRGPSYNEQFF,0.1951492537313433
CASSLGMNTEAFF,0.1939054726368159
CASSLESYEQYF,0.1916666666666667
CASSFAGNTEAFF,0.1916666666666667
CASSGGMNTEAFF,0.19154228855721395
CASSRQGSSYEQYF,0.19141791044776119
CASSRDNYGYTF,0.19141791044776119
CASSPDRGETQYF,0.19141791044776119
CASSSQGAGELFF,0.19104477611940301
CSVGGNTEAFF,0.19104477611940301
CASSFDGNTEAFF,0.19104477611940301
CASSLGTTGELFF,0.19104477611940301
CASSLGGLSGNTIYF,0.19092039800995025
CASSLSGNNEQFF,0.19092039800995025
CASSPRDNEQFF,0.19092039800995025
CASSLVTGNTEAFF,0.19092039800995025
CASSLASSYNSPLHF,0.1907960199004975
CASSMTGNTEAFF,0.1907960199004975
CASSVDSGNTIYF,0.1907960199004975
CASRGGEKLFF,0.1907960199004975
CASSRDPNTEAFF,0.1907960199004975
CASSLGGATYEQYF,0.1907960199004975
CASSVLNTEAFF,0.1906716417910448
CASRTSGQETQYF,0.1906716417910448
CASSSAGNTEAFF,0.1906716417910448
CASSRGLNEKLFF,0.1906716417910448
CASSQGQGPYNEQFF,0.19054726368159203
CASSFARNTEAFF,0.19054726368159203
CASSQGIYEQYF,0.19054726368159203
CAWSGDSNQPQHF,0.19054726368159203
CASSLGTSAYEQYF,0.19042288557213932
CASSLGLAGPDTQYF,0.19029850746268656
CASSFGGYEQYF,0.18756218905472632
CASSFLNTEAFF,0.18718905472636815
CASSLRLNTEAFF,0.18718905472636815
CASSRQGGNQPQHF,0.1870646766169154
CASSLAGGGYEQYF,0.18669154228855722
CASSSGTSTDTQYF,0.18656716417910446
CASSLGQGREKLFF,0.18656716417910446
CASSRDSTYEQYF,0.1864427860696517
CASSYGGNYGYTF,0.186318407960199
CASSLGGGGYNEQFF,0.186318407960199
CASSFNQPQHF,0.186318407960199
CASSRDRANYGYTF,0.186318407960199
CASSLGQGSTGELFF,0.18619402985074626
CASSLGPLNTEAFF,0.18619402985074626
CASSSRLNTEAFF,0.18619402985074626
CASSFRQGNTEAFF,0.18619402985074626
CASSPQGAGNQPQHF,0.18606965174129356
CASSFPNTGELFF,0.18606965174129356
CASSLGQGEQYF,0.18606965174129356
CASSRDRGPYEQYF,0.18606965174129356
CASSLGGGGNTIYF,0.1859452736318408
CASSPRRDTEAFF,0.1859452736318408
CASSRDGYGYTF,0.1859452736318408
CASSLRGRDTEAFF,0.1859452736318408
CASSLLSDTQYF,0.18582089552238804
CASSPRQGTNEKLFF,0.18582089552238804
CASSLARANTEAFF,0.18582089552238804
CASSLRGGEKLFF,0.18582089552238804
CASSPGPGTEAFF,0.18582089552238804
CASSGGGYTF,0.18569651741293533
CASSLGGHYGYTF,0.18569651741293533
CASSIQGGQPQHF,0.18569651741293533
CSARDRGNTGELFF,0.18569651741293533
CASSRTGNGYTF,0.18569651741293533
CASSLEGQNTEAFF,0.18557213930348257
CASSIGLAGGNEQFF,0.18557213930348257
CASSLGLAGGLDTQYF,0.1854477611940299
CASSYLDEQYF,0.1854477611940299
CASSSLGSYEQYF,0.1854477611940299
CASSEGGAGNTIYF,0.1854477611940299
CASSIAGGPYEQYF,0.1854477611940299
CASSLSGVTGELFF,0.1854477611940299
CASSTDGNTEAFF,0.1854477611940299
CASSYGTGNEKLFF,0.18532338308457713
CASSLQGARQPQHF,0.18532338308457713
CASSYSGGDTGELFF,0.18519900497512437
CASSYGSSSYNEQFF,0.18519900497512437
CASSQDGGSYGYTF,0.18519900497512437
CASSLRGGGELFF,0.18519900497512437
CASSRTFQETQYF,0.18519900497512437
CASSRLAEQETQYF,0.18507462686567167
CASSLGTNYGYTF,0.18283582089552242
CASSLAGGTYEQYF,0.18271144278606966
CASSLGGGSNQPQHF,0.18246268656716425
CASSPTGLNTEAFF,0.1819651741293532
CASSLDRSSYNEQFF,0.1819651741293532
CASSPDRSYGYTF,0.18184079601990055
CASSFGNSPLHF,0.18184079601990055
CASSLSGDYGYTF,0.1817164179104478
CASSTGSGNTIYF,0.18159203980099503
CASSRQGDYGYTF,0.18146766169154227
CASSLRDRGYEQYF,0.18146766169154227
CASSLTSGANVLTF,0.18134328358208956
CASSLTGNEQYF,0.18134328358208956
CASSFSGSNQPQHF,0.1812189054726368
CASSFRGYGYTF,0.1812189054726368
CASSLGLLNTEAFF,0.1812189054726368
CASSLSGSSGNTIYF,0.1810945273631841
CASSLSGYSNQPQHF,0.1810945273631841
CASSPDPNTEAFF,0.18097014925373134
CASSQVGQPQHF,0.18084577114427858
CASSLASETQYF,0.18084577114427858
CASSQGTSGQETQYF,0.18072139303482587
CASSIGEKLFF,0.18072139303482587
CASSVGQGGYGYTF,0.18072139303482587
CASSLGPSNTEAFF,0.18072139303482587
CASSYSTGEAFF,0.1805970149253731
CASSEVGNQPQHF,0.1805970149253731
CASSTGGDTQYF,0.1804726368159204
CASSRRQETQYF,0.1804726368159204
CASSRQGVTEAFF,0.1804726368159204
CASSFGQGGNEQFF,0.18034825870646765
CASSPRQGATDTQYF,0.18034825870646765
CASRGASYNEQFF,0.18034825870646765
CASSQGANEKLFF,0.18034825870646765
CASSPQGGANYGYTF,0.18022388059701494
CASSRGTSGLYEQYF,0.1800995024875622
CASSFGRNTEAFF,0.17773631840796023
CASSPGQGGTEAFF,0.17761194029850746
CASSLRQGNTEAFF,0.17748756218905476
CASSLDSGNTIYF,0.17748756218905476
CASSSNQPQHF,0.177363184079602
CASSEQGYEQYF,0.17699004975124372
CASSFTGGTEAFF,0.17699004975124372
CASSPGTGVYEQYF,0.17686567164179107
CASSLGTNTGELFF,0.17686567164179107
CASSSGGSSYEQYF,0.17649253731343284
CSARGNTEAFF,0.17649253731343284
CASSSGPGNTIYF,0.17636815920398013
CASSLGQGAREQYF,0.17636815920398013
CASSLAGVYNEQFF,0.17636815920398013
CASSLGHSGNTIYF,0.17624378109452735
CASSLDRGGETQYF,0.17624378109452735
CASSLRGGEQYF,0.17624378109452735
CASSLGQGRGYTF,0.17624378109452735
CASSLGAGYTF,0.17624378109452735
CASSLRGGGTDTQYF,0.17624378109452735
CASSPQSSGNTIYF,0.17611940298507464
CASSRDYNEQFF,0.17611940298507464
CASSPGQSSGNTIYF,0.17611940298507464
CASSRQGGTGELFF,0.17611940298507464
CASSPGQNEKLFF,0.17611940298507464
CASSLTGTNYGYTF,0.17599502487562188
CASSLGQTNSPLHF,0.17599502487562188
CASSLGVLNTEAFF,0.17599502487562188
CASSLDHEQYF,0.17587064676616912
CASSSTGETQYF,0.17587064676616912
CASSLPGMNTEAFF,0.17587064676616912
CASSIGQGTDTQYF,0.17587064676616912
CASSYRGDYGYTF,0.17574626865671644
CASSEGLSYEQYF,0.17574626865671644
CASSLAATYEQYF,0.17574626865671644
CASSGTGDGYTF,0.17574626865671644
CASRRGGTGELFF,0.17574626865671644
CASSFGLYNEQFF,0.17562189054726368
CASSFGDNQPQHF,0.17562189054726368
CASSLPPGNTIYF,0.17537313432835822
CASSLRGGANTGELFF,0.17537313432835822
CASSFGGGNTGELFF,0.17537313432835822
CASSPGTGLNQPQHF,0.17537313432835822
CASSLQRMNTEAFF,0.17537313432835822
CASSPGLAGTNEQFF,0.17537313432835822
CASSSGTDSYNEQFF,0.17524875621890548
CASSLLREETQYF,0.17524875621890548
CASRDREETQYF,0.17524875621890548
CASSLVGGANEKLFF,0.17524875621890548
CASSLVGTETQYF,0.17512437810945275
CASGTGIYEQYF,0.17512437810945275
CASSLGTGSYEQYF,0.1736318407960199
CASSLGVNQPQHF,0.17238805970149257
CASSRDRDTEAFF,0.17213930348258705
CASSPTGGTDTQYF,0.17213930348258705
CASSRDRDYEQYF,0.1720149253731343
CASSLGQGANYGYTF,0.1720149253731343
CASSLGGASYEQYF,0.17176616915422888
CASSPRGSYNEQFF,0.17164179104477612
CASRRDTEAFF,0.17151741293532335
CASSIQGNQPQHF,0.17151741293532335
CASSLQGADTQYF,0.17139303482587065
CASSLGGAGETQYF,0.17139303482587065
CASSLSGGGETQYF,0.1712686567164179
CASSYGLNTEAFF,0.1712686567164179
CASSSGVYEQYF,0.17114427860696518
CASSGQYSNQPQHF,0.17101990049751245
CASSLSRTEAFF,0.17101990049751245
CASSLGGLNYGYTF,0.17101990049751245
CASSSGQGADTQYF,0.17101990049751245
CASGGYNEQFF,0.1708955223880597
CASGGSSYEQYF,0.1708955223880597
CASSLDFYEQYF,0.1708955223880597
CASSVRNTEAFF,0.1708955223880597
CASSLAGYEQFF,0.1708955223880597
CASSPLAGSSYNEQFF,0.17077114427860698
CASSPGTLQETQYF,0.17077114427860698
CASSFGTAYGYTF,0.17077114427860698
CASSPRVSGANVLTF,0.17077114427860698
CASSQVGGNQPQHF,0.17077114427860698
CASSSRTGMNTEAFF,0.17077114427860698
CASSFSANYGYTF,0.17064676616915422
CASSEQGNTGELFF,0.17064676616915422
CASSVQGSGANVLTF,0.17064676616915422
CASSPEGGNQPQHF,0.17064676616915422
CASRGRMNTEAFF,0.17052238805970152
CASRRGSSYNEQFF,0.17052238805970152
CASSLVLGNEQFF,0.17052238805970152
CASSLSGRYNEQFF,0.17052238805970152
CASSPGTFYEQYF,0.17052238805970152
CASSPDREAFF,0.17052238805970152
CASSPGTEGNTIYF,0.17039800995024876
CASSSTGGSTEAFF,0.17039800995024876
CASSIQGGYGYTF,0.17039800995024876
CASSVLGTDTQYF,0.17039800995024876
CASSHGGYEQYF,0.17039800995024876
CASSRQGARGYTF,0.17039800995024876
CASSPQGYYEQYF,0.17027363184079602
CASSLIGGELFF,0.17027363184079602
CASSGQGSNEKLFF,0.17027363184079602
CASSYRDGNQPQHF,0.17027363184079602
CASSPRTGADTQYF,0.17027363184079602
CASSWDRPNTGELFF,0.1701492537313433
CASSLIAGDTGELFF,0.1701492537313433
CASSFAGGGYGYTF,0.1701492537313433
CASSLGGRINQPQHF,0.1701492537313433
CASSVTVNQPQHF,0.1701492537313433
CASSLGGADTQYF,0.16791044776119401
CASSRDRGETQYF,0.1676616915422885
CASSSSSYNEQFF,0.16716417910447762
CASSLSPNTEAFF,0.16716417910447762
CASSYGQNTEAFF,0.16703980099502486
CASSPQGLNTEAFF,0.16703980099502486
CASSRTANYGYTF,0.1669154228855722
CASSFGSTDTQYF,0.1669154228855722
CASSLVGELFF,0.16666666666666669
CASSSGGQPQHF,0.16666666666666669
CASSLQGRETQYF,0.16654228855721392
CASSLPGANVLTF,0.16654228855721392
CASSSSSYNSPLHF,0.16654228855721392
CASSLQGDTQYF,0.16641791044776122
CASSPGQGPYNEQFF,0.16641791044776122
CASSLVGAYEQYF,0.16641791044776122
CASSTQGYEQYF,0.16641791044776122
CASSGGNEQFF,0.16641791044776122
CASSQDTGELFF,0.16629353233830846
CASSLRQLNTEAFF,0.16629353233830846
CASSPGGGSYEQYF,0.16629353233830846
CASSRQGNSPLHF,0.16629353233830846
CASSLDPNYGYTF,0.16616915422885575
CASSSGGNEQFF,0.16616915422885575
CASSYGGMNTEAFF,0.16616915422885575
CASSLSPQETQYF,0.16616915422885575
CASSLRSSGANVLTF,0.16616915422885575
CASSFRTEAFF,0.16616915422885575
CASSLGDSSYNEQFF,0.166044776119403
CASSLRENYGYTF,0.166044776119403
CASSLTGGAYEQYF,0.166044776119403
CASSPVQETQYF,0.166044776119403
CASSLSVYEQYF,0.166044776119403
CASSYSRGNQPQHF,0.16592039800995023
CASSPTDYEQYF,0.16592039800995023
CASSGTVQETQYF,0.16592039800995023
CASSSLGNTEAFF,0.16592039800995023
CASSSGTAYNEQFF,0.16579601990049753
CASSSLSSYEQYF,0.16579601990049753
CASSVAGDTEAFF,0.16579601990049753
CASSLGEYEQYF,0.16579601990049753
CASSRESYEQYF,0.16567164179104477
CASSYAGGTEAFF,0.16567164179104477
CASSLSNSYEQYF,0.16554726368159206
CASSFGQGEAFF,0.16554726368159206
CASSPGQPNSPLHF,0.16554726368159206
CASSYLGNEQFF,0.16554726368159206
CASSSGTGDTEAFF,0.16554726368159206
CASSFGGPNTGELFF,0.16554726368159206
CASSFGAMNTEAFF,0.1654228855721393
CASSLGGTGGYTF,0.1654228855721393
CASSLGSGYNEQFF,0.1654228855721393
CASSSDRVGTEAFF,0.1654228855721393
CASSISRNTGELFF,0.1654228855721393
CASSLSPYGYTF,0.1654228855721393
CASSLQGYNQPQHF,0.1654228855721393
CASSPPGAYGYTF,0.1654228855721393
CASSLTLYNEQFF,0.16529850746268657
CASSLAEAFF,0.16529850746268657
CASSFRTGGETQYF,0.16529850746268657
CASSLAAGTYNEQFF,0.16529850746268657
CASSSPQGNTEAFF,0.16517412935323383
CASSLAQGSNTEAFF,0.16517412935323383
CASSQSRNEQFF,0.16517412935323383
CASSPNRANTEAFF,0.16517412935323383
CASSEPGGTEAFF,0.16517412935323383
CASSSLGNTGELFF,0.16517412935323383
CASSFRQGRTEAFF,0.16517412935323383
CASSSPTENTEAFF,0.16517412935323383
CASSIGTSGGNEQFF,0.16517412935323383
CASSPRQGYTGELFF,0.16517412935323383
CASSRQPYSNQPQHF,0.16504975124378107
CASSTTGANQPQHF,0.16504975124378107
CASSLVGTEAFF,0.1631840796019901
CASSLEGGNQPQHF,0.1625621890547264
CASSLANEQFF,0.1623134328358209
CASSPTGSGNTIYF,0.16218905472636813
CASSYSGTEAFF,0.16206467661691537
CASSLTSGGTDTQYF,0.16194029850746272
CASSRQGYGYTF,0.16194029850746272
CASSLNLNTEAFF,0.16194029850746272
CASSPRTGTYEQYF,0.1616915422885572
CASSLQANTEAFF,0.1616915422885572
CASSPDRSSYNEQFF,0.1616915422885572
CASSLSRYEQYF,0.16156716417910444
CASSLGQDYEQYF,0.16156716417910444
CASSSTGDTEAFF,0.16156716417910444
CASSLGQGGYTF,0.16144278606965173
CASSLAAYEQYF,0.16144278606965173
CASSLGRGNTIYF,0.16144278606965173
CASSSDRDYGYTF,0.16144278606965173
CASSPWTGNTEAFF,0.16131840796019897
CASSLTGGYNEQFF,0.16131840796019897
CASSFLDTQYF,0.16131840796019897
CASSPGTGTEAFF,0.1611940298507463
CASSSGGLNTEAFF,0.1611940298507463
CASSPRGNTIYF,0.1611940298507463
CASSRGQGNEKLFF,0.16106965174129353
CASSWTGSNQPQHF,0.16106965174129353
CASSLVGGPYEQYF,0.16106965174129353
CASSPDSYSNQPQHF,0.16106965174129353
CASSIDSNQPQHF,0.16106965174129353
CASSPGLNEKLFF,0.16106965174129353
CASSLTGNYEQYF,0.16106965174129353
CASSLTSGETQYF,0.16106965174129353
CASSLGASYNEQFF,0.16094527363184077
CASSPRGVNTEAFF,0.16094527363184077
CATSRDRGPYEQYF,0.16082089552238807
CASSWDRNQPQHF,0.16082089552238807
CASSLGGVNEQFF,0.16082089552238807
CASRGQSYEQYF,0.16082089552238807
CASSRQSSYNSPLHF,0.16082089552238807
CASSPQSSYNSPLHF,0.16082089552238807
CASSLANNEQFF,0.1606965174129353
CASSLQGWNTEAFF,0.1606965174129353
CASSVDRGNQPQHF,0.1606965174129353
CASRPGQGNEKLFF,0.1606965174129353
CASSQDRGRETQYF,0.1606965174129353
CASSQQGDTEAFF,0.1606965174129353
CASSRPNTGELFF,0.1606965174129353
CASSLRQGGTDTQYF,0.1606965174129353
CASSITYEQYF,0.1606965174129353
CASSRRGNTGELFF,0.1606965174129353
CASSLEYTEAFF,0.1606965174129353
CASSLSQGGYEQYF,0.1605721393034826
CASSLTGGRTGELFF,0.1605721393034826
CASSLDGGEQYF,0.1605721393034826
CASSFGQGRYEQYF,0.1605721393034826
CASSLVRNSPLHF,0.1605721393034826
CASSLGDRRNTEAFF,0.1605721393034826
CASSEQGSYEQYF,0.1605721393034826
CASSRVGNTEAFF,0.1605721393034826
CASSLALAGVNEQFF,0.1605721393034826
CASSLTGPETQYF,0.1605721393034826
CASSSGQGRNQPQHF,0.1605721393034826
CASSSRTNTEAFF,0.16044776119402987
CASSLQGADSPLHF,0.16044776119402987
CASRTGRNQPQHF,0.16044776119402987
CASSPGRSNEKLFF,0.16044776119402987
CASTPQGNTEAFF,0.1603233830845771
CASSPRGQGYGYTF,0.1603233830845771
CASSPGLAETYEQYF,0.1603233830845771
CASSRDRGRGYTF,0.1603233830845771
CASSQQGAETQYF,0.1603233830845771
CASSLRRAYEQYF,0.1603233830845771
CASSLDSRNQPQHF,0.1603233830845771
CSASPSGNTIYF,0.1601990049751244
CASSRGAGTGELFF,0.1601990049751244
CASSPGTGVGYGYTF,0.1601990049751244
CASSGGTGGYQETQYF,0.1601990049751244
CASSQRPNTEAFF,0.1601990049751244
CASSLKGYNEQFF,0.1601990049751244
CASSRPGGEAFF,0.1601990049751244
CASSLALRNTEAFF,0.1601990049751244
CSARTGNNQPQHF,0.1601990049751244
CASSPPGIYGYTF,0.1601990049751244
CASSIVGAGNTIYF,0.16007462686567164
CASSEAGTGNEKLFF,0.16007462686567164
CASSLEIYNEQFF,0.16007462686567164
CSARVDRGYGYTF,0.16007462686567164
CASSLGLAGGQETQYF,0.15808457711442792
CASSLTGLNTEAFF,0.1578358208955224
CASSLAGTEAFF,0.15758706467661698
CASSPGQDYGYTF,0.15758706467661698
CASSLGGTGNTIYF,0.15733830845771146
CASSPRQGAYEQYF,0.15708955223880594
CASSPGLAYEQYF,0.15708955223880594
CASSLGTSSYNEQFF,0.1569651741293533
CASSLTATNEKLFF,0.1569651741293533
CASSPRDTGELFF,0.15684079601990053
CASSGQNYGYTF,0.15684079601990053
CASSLDGNTIYF,0.15684079601990053
CASSSRNTEAFF,0.15684079601990053
CASSFSLNTEAFF,0.15684079601990053
CASSSTGGNTEAFF,0.15671641791044777
CASSLDRGNEKLFF,0.15671641791044777
CASSPTGNTIYF,0.15671641791044777
CASSPGTGTDTQYF,0.15671641791044777
CASSLAGVSYEQYF,0.156592039800995
CASSLGLTGELFF,0.156592039800995
CASSLLGNTGELFF,0.1564676616915423
CASSSGTGNEKLFF,0.15634328358208954
CASSGGQETQYF,0.15621890547263684
CASSSRGSGNTIYF,0.15621890547263684
CASGRETQYF,0.15621890547263684
CASSLGGSGETQYF,0.15621890547263684
CASSSRENTEAFF,0.15621890547263684
CASSYSGSTDTQYF,0.15621890547263684
CASSLGAAQETQYF,0.15609452736318408
CASSRDRDEKLFF,0.15609452736318408
CASSPAGQETQYF,0.15609452736318408
CASSLGTGANVLTF,0.15609452736318408
CASSLLDTEAFF,0.15597014925373132
CASSLGRDSPLHF,0.15597014925373132
CAWSVQGNTEAFF,0.15597014925373132
CASSPWGTEAFF,0.15597014925373132
CASSRTGNSPLHF,0.15597014925373132
CASSPRTGEETQYF,0.15597014925373132
CASSLRGPGNTIYF,0.15597014925373132
CASRGGNTIYF,0.15597014925373132
CASSLQGNNSPLHF,0.1558457711442786
CASSPGTGDNQPQHF,0.1558457711442786
CASSFQGPYEQYF,0.1558457711442786
CASSLPYEQYF,0.1558457711442786
CASSLGQTGNTIYF,0.1558457711442786
CASSLDRGMNTEAFF,0.1558457711442786
CASSPTGGTNEKLFF,0.15572139303482585
CASSPGTESYEQYF,0.15572139303482585
CASSQAGMNTEAFF,0.15572139303482585
CASSHNEQFF,0.15572139303482585
CASSPPRGNTEAFF,0.15572139303482585
CASSLAGTGETQYF,0.15559701492537314
CASSPRVTDTQYF,0.15559701492537314
CASSLPENTEAFF,0.15559701492537314
CASSLNGDTQYF,0.15559701492537314
CASSRDRVTGELFF,0.15559701492537314
CASSPGGAGTDTQYF,0.15559701492537314
CASSPTGGDSPLHF,0.15559701492537314
CASRGQGAGQPQHF,0.15559701492537314
CASSPGRGAYEQYF,0.15559701492537314
CASSPGTGGYQPQHF,0.15559701492537314
CASSLGFGNTIYF,0.15559701492537314
CASSFGAGNQPQHF,0.15559701492537314
CASSSRDRAYNEQFF,0.15559701492537314
CASSLGPADTQYF,0.15559701492537314
CASSLEGVGYTF,0.15559701492537314
CASSYDTGELFF,0.15559701492537314
CASSLARDGYTF,0.15547263681592038
CASSYSRTGGGYGYTF,0.15547263681592038
CASSADTDTQYF,0.15547263681592038
CASSRDRGTYNEQFF,0.15547263681592038
CASSRDSANYGYTF,0.15547263681592038
CASSSRTGGGYTF,0.15547263681592038
CASSFNEQYF,0.15547263681592038
CSVGDTEAFF,0.15547263681592038
CASSPGVTNEKLFF,0.15547263681592038
CASSLASDQPQHF,0.15547263681592038
CASSLRLAGGYEQYF,0.15547263681592038
CASSLRDRQETQYF,0.15547263681592038
CASSVGGYQETQYF,0.15547263681592038
CASSLSGTDYGYTF,0.15547263681592038
CASSRGQGGSYEQYF,0.15547263681592038
CASSLVTGTYEQYF,0.15534825870646768
CASSLGQLEAFF,0.15534825870646768
CSASRGGTEAFF,0.15534825870646768
CASSINEQFF,0.15534825870646768
CASSHRGGNTEAFF,0.15534825870646768
CASSLAGGVSYEQYF,0.15534825870646768
CASSLRRDEQFF,0.15534825870646768
CASSFRLNTGELFF,0.15534825870646768
CASSPGTVPYEQYF,0.15534825870646768
CASSRQGINQPQHF,0.15534825870646768
CASSPNRDSPLHF,0.15534825870646768
CASSPTSGATDTQYF,0.15534825870646768
CASSLDRVGTDTQYF,0.15534825870646768
CASSLASGGAETQYF,0.15534825870646768
CASSLASADTQYF,0.15534825870646768
CASSQGGTSYEQYF,0.15534825870646768
CASSPRQGSSYNEQFF,0.15534825870646768
CASRQGRTEAFF,0.15534825870646768
